name,dateOfBirth,dateOfDeath,nationality,description,region,groups,imageURL
Johann Sebastian Bach,1685-03-31,1750-07-28,German,"A German composer and musician of the late Baroque period, known for the Brandenburg Concertos, Goldberg Variations, and Mass in B minor. Widely regarded as one of the greatest composers in the history of Western music.",Europe,Music,
Claude Monet,1840-11-14,1926-12-05,French,"Founder of French Impressionism, celebrated for his landscape paintings and exploration of light and color.",Europe,Visual Arts,
Mao Zedong (毛澤東),1893-12-26,1976-09-09,Chinese,"Founding father of the People's Republic of China, his rule was marked by radical policies and political campaigns.",East Asia,Politics & Military,
John Calvin,1509-07-10,1564-05-27,French,Theologian whose writings established Calvinism and influenced Reformed theology.,Europe,Religion,
Horatio Nelson,1758-09-29,1805-10-21,British,British admiral whose victories secured British naval dominance during the Napoleonic Wars.,Europe,Politics & Military,
Fibonacci,1170-01-01,1240-01-01,Italian,Popularized Hindu-Arabic numerals in Europe through Liber Abaci and introduced the Fibonacci sequence.,Europe,Science,
William Shakespeare,1564-04-23,1616-04-23,English,"An English playwright, poet and actor. Widely regarded as the greatest writer in the English language and the world's pre-eminent dramatist.",Europe,Literature,
Charles Darwin,1809-02-12,1882-04-19,English,An English naturalist widely known for his contributions to evolutionary biology and the theory of natural selection.,Europe,Science,
Vincent van Gogh,1853-03-30,1890-07-29,Dutch,Dutch post-impressionist painter whose emotionally charged works and bold color palettes have left a lasting legacy in art.,Europe,Visual Arts,
John Maynard Keynes,1883-06-05,1946-04-21,British,"One of the most influential economists of modern times, founder of Keynesian economics.",Europe,Economy,
Ludwig van Beethoven,1770-12-17,1827-03-26,German,"A German composer and pianist, one of the most revered figures in the history of Western music spanning the Classical and Romantic eras.",Europe,Music,
Cao Xueqin (曹雪芹),1715-01-01,1763-01-01,Chinese,"Author of Dream of the Red Chamber, a pinnacle of Qing-era vernacular fiction.",East Asia,Literature,
Al-Zarqali (Arzachel),1029-01-01,1087-01-01,Andalusian,Designed the universal astrolabe and refined solar tables later used by Copernicus.,Europe,Science,
Fukuzawa Yukichi (福澤諭吉),1835-01-10,1901-02-03,Japanese,Writer and educator whose advocacy of Eastern ethics and Western technology shaped Japan's modernization and founded Keio University.,East Asia,Literature,
Peter the Great,1672-06-09,1725-02-08,Russian,Westernized and expanded Russia; founded Saint Petersburg.,Europe,Politics & Military,
Dmitry Donskoy (Дмитрий Донской),1350-10-12,1389-05-19,Russian,"Defeated the Mongols at Kulikovo, boosting Moscow's rise within Rus'.",Europe,Politics & Military,
Robert Boyle,1627-01-25,1691-12-31,Irish,Formulated Boyle's Law and advanced chemistry as an experimental science.,Europe,Science,
Tran Hung Dao (陳興道),1228-06-13,1300-04-07,Vietnamese,General who twice repelled massive Mongol invasions of Dai Viet.,East Asia,Politics & Military,
Charles Dickens,1812-02-07,1870-06-09,English,Renowned English writer known for vivid depictions of Victorian society in works like Oliver Twist and A Christmas Carol.,Europe,Literature,
Giovanni da Pian del Carpine,1185-01-01,1252-08-01,Italian,First papal envoy to reach Karakorum; earliest European eyewitness report of the Mongol Empire.,Europe,Exploration & Discovery,
Kim Il-sung,1912-04-15,1994-07-08,North Korean,"Founding leader of North Korea, he established a rigid totalitarian regime with dynastic succession.",East Asia,Politics & Military,
William of Ockham,1287-01-01,1347-04-09,English,Philosopher who formulated Ockham's Razor and challenged papal authority.,Europe,Philosophy,
William the Conqueror,1028-01-01,1087-09-09,Norman,Duke of Normandy who won the Battle of Hastings (1066) and reshaped England with the Domesday survey.,Europe,Politics & Military,
Frederick I Barbarossa,1122-12-17,1190-06-10,German,Holy Roman Emperor who reasserted imperial authority in Germany and Italy and led the Third Crusade.,Europe,Politics & Military,
Aguda (金太祖阿骨打),1068-08-01,1123-09-19,Jurchen,Founder of the Jin dynasty; his armies overthrew the Liao and captured North China.,East Asia,Politics & Military,
Friedrich Nietzsche,1844-10-15,1900-08-25,German,"Influential German philosopher whose works on morality, culture, and existentialism have shaped modern thought.",Europe,Philosophy,
Geoffrey Chaucer,1343-01-01,1400-10-25,English,"Wrote The Canterbury Tales, establishing Middle English as a major literary language.",Europe,Literature,
Michael Faraday,1791-09-22,1867-08-25,English,English scientist known for groundbreaking work in electromagnetism and electrochemistry.,Europe,Science,
Ashikaga Yoshimitsu (足利義満),1358-09-25,1408-05-06,Japanese,Muromachi shogun who fostered trade with Ming China and built Kinkaku-ji.,East Asia,Politics & Military,
Toyotomi Hideyoshi (豊臣秀吉),1537-03-17,1598-09-18,Japanese,"Completed Japan's unification; land surveys, sword hunt, and invasions of Korea.",East Asia,Politics & Military,
Jiaqing Emperor (嘉慶帝),1760-11-13,1820-09-02,Chinese,Tackled Heshen's corruption and suppressed the White Lotus Rebellion.,East Asia,Politics & Military,
Pierre-Auguste Renoir,1841-02-25,1919-12-03,French,French Impressionist painter celebrated for his vibrant depictions of social life and luminous portraits.,Europe,Visual Arts,
John Adams,1735-10-30,1826-07-04,American,Second U.S. President and diplomat; key figure in the American Founding and early republican governance.,North America,Politics & Military,
Askia Muhammad I,1443-01-01,1538-01-01,Songhai,"Reformed Songhai administration, promoted Islam, and expanded trans-Saharan trade routes.",Africa,Politics & Military,
Samuel de Champlain,1574-08-13,1635-12-25,French,Father of New France; founded Quebec and mapped the St. Lawrence Valley and Great Lakes.,North America,Exploration & Discovery,
Immanuel Kant,1724-04-22,1804-02-12,German,German philosopher; his Critique of Pure Reason profoundly shaped metaphysics and epistemology.,Europe,Philosophy,
Zheng Chenggong (鄭成功),1624-08-27,1662-06-23,Chinese,Ming loyalist who expelled the Dutch from Taiwan and resisted Qing rule.,East Asia,Politics & Military,
William of Rubruck,1220-01-01,1293-01-01,French,Franciscan explorer whose detailed Mongol travel account informed Roger Bacon and Marco Polo.,Europe,Exploration & Discovery,
Benjamin Franklin,1706-01-17,1790-04-17,American,"A Founding Father of the United States; scientist, inventor, diplomat, and statesman. Famous for experiments with electricity and helping draft the Declaration of Independence.",North America,Politics & Military,
Yue Fei (岳飛),1103-03-24,1142-01-27,Chinese,National hero who led Southern Song armies against the Jurchen Jin invaders.,East Asia,Politics & Military,
Li Qingzhao (李清照),1084-03-13,1155-01-01,Chinese,Greatest female poet of the Song dynasty; refined the ci lyric form.,East Asia,Literature,
Nizami Ganjavi,1141-01-01,1209-01-01,Persian,"Author of the Khamsa epics, a model for Persian and Ottoman literature.",Middle East,Literature,
Xu Guangqi (徐光啟),1562-04-24,1633-11-08,Chinese,Scholar-official who introduced Western mathematics and astronomy with the Jesuits.,East Asia,Science,
Wanli Emperor (萬曆帝),1563-09-04,1620-08-18,Chinese,"Presided over late-Ming prosperity, followed by fiscal decline; withdrew from active governance.",East Asia,Politics & Military,
Alauddin Khilji,1266-01-01,1316-01-04,Indian,Delhi sultan who repelled Mongol raids and reformed revenue and army pay systems.,South Asia,Politics & Military,
Babur,1483-02-14,1530-12-26,Turco-Mongol,Founded the Mughal Empire after victory at Panipat (1526).,South Asia,Politics & Military,
Chiang Kai-shek (蔣介石),1887-10-31,1975-04-05,Chinese,Leader of the Republic of China who headed the Kuomintang during the Chinese Civil War and later governed Taiwan.,East Asia,Politics & Military,
Saladin (صلاح الدين),1137-01-01,1193-03-04,Kurdish-Egyptian,"Re-united Egypt and Syria, defeated Crusaders at Hattin, and retook Jerusalem (1187).",Middle East,Politics & Military,
Sultan Qutuz (قطز),1222-01-01,1260-10-24,Turkic-Mamluk,Commanded Mamluk forces to the first major Mongol defeat at Ain Jalut.,Middle East,Politics & Military,
Frederick II (Hohenstaufen),1194-12-26,1250-12-13,German,"Holy Roman Emperor who blended Arabic and European science, founded Naples University, and led the Sixth Crusade.",Europe,Politics & Military,
Shunzhi Emperor (順治帝),1638-03-15,1661-02-05,Chinese,First Qing emperor to rule all China; began Sinicization of Manchu governance.,East Asia,Politics & Military,
Antonie van Leeuwenhoek,1632-10-24,1723-08-26,Dutch,Father of microbiology; first to observe bacteria and protozoa with early microscopes.,Europe,Science,
Aurangzeb,1618-11-03,1707-03-03,Indian,Last great Mughal emperor; expanded the empire to its largest extent.,South Asia,Politics & Military,
Henry Hudson,1565-01-01,1611-06-23,English,"Explored Arctic waters and the river/bay that bear his name, spurring Dutch and English claims.",Europe,Exploration & Discovery,
Adolf Hitler,1889-04-20,1945-04-30,German,"Leader of Nazi Germany, responsible for initiating World War II and orchestrating the Holocaust.",Europe,Politics & Military,
Empress Dowager Cixi (慈禧太后),1835-11-29,1908-11-15,Chinese,De facto ruler of late-Qing China; oversaw conservative resistance to and selective adoption of Western reforms.,East Asia,Politics & Military,
Leonardo da Vinci,1452-04-15,1519-05-02,Italian,"An Italian polymath of the High Renaissance active as a painter, draughtsman, engineer, scientist, theorist, sculptor, and architect.",Europe,Visual Arts,
Kim Jong-un,1984-01-08,,North Korean,"Current leader of North Korea, known for his strict authoritarian policies and nuclear ambitions.",East Asia,Politics & Military,
John Milton,1608-12-09,1674-11-08,English,Author of Paradise Lost and advocate of free speech (Areopagitica).,Europe,Literature,
Saigo Takamori (西郷隆盛),1828-01-23,1877-09-24,Japanese,One of the Three Great Nobles of the Meiji Restoration; led the Satsuma Rebellion in defense of samurai interests.,East Asia,Politics & Military,
Jan Vermeer,1632-10-31,1675-12-15,Dutch,Dutch painter revered for luminous interior scenes and subtle use of light.,Europe,Visual Arts,
Prince Henry the Navigator,1394-03-04,1460-11-13,Portuguese,Royal patron whose Atlantic and African expeditions inaugurated the European Age of Discovery.,Europe,Exploration & Discovery,
Ji Yun (紀昀),1724-07-26,1805-03-14,Chinese,Scholar and chief editor of the vast imperial encyclopedia Siku Quanshu.,East Asia,Literature,
Christopher Columbus,1451-10-31,1506-05-20,Italian,"His 1492 voyage linked Europe and the Americas, reshaping global trade and empire building.",Europe,Exploration & Discovery,
Charles V,1500-02-24,1558-09-21,Spanish,Ruled the Spanish Empire and Holy Roman Empire at their zenith.,Europe,Politics & Military,
Katsushika Hokusai (葛飾北斎),1760-10-31,1849-05-10,Japanese,Master ukiyo-e printmaker; his Thirty-six Views of Mount Fuji transformed Japanese art.,East Asia,Visual Arts,
Francis Drake,1540-01-01,1596-01-28,English,Led the first English circumnavigation and challenged Spanish naval dominance.,Europe,Exploration & Discovery,
Thomas Aquinas,1225-01-28,1274-03-07,Italian,Summa Theologica fused Aristotelian philosophy with Christian theology; cornerstone of scholasticism.,Europe,Religion,
Franz Liszt,1811-10-22,1886-07-31,Hungarian,Virtuoso Hungarian pianist and composer celebrated for his technical mastery and innovations in piano performance.,Europe,Music,
Johannes Gutenberg,1400-01-01,1468-02-03,German,"Invented movable-type printing in Europe, revolutionizing the spread of information.",Europe,Science,
Zhu Xi (朱熹),1130-10-18,1200-04-23,Chinese,Systematized Neo-Confucianism; his commentaries became core Song civil-service texts.,East Asia,Philosophy,
Sejong the Great (世宗),1397-05-15,1450-04-08,Korean,Joseon monarch who created Hangul script and fostered scientific innovation.,East Asia,Politics & Military,
Michael VIII Palaiologos,1224-01-01,1282-12-11,Byzantine Greek,"Recaptured Constantinople in 1261, restoring Byzantine rule and prolonging Orthodox culture.",Europe,Politics & Military,
William Marshal,1147-01-01,1219-05-14,English,Legendary knight and regent who steered England through the Magna Carta crisis.,Europe,Politics & Military,
Henry II Plantagenet,1133-03-05,1189-07-06,English,Instituted common-law reforms and ruled a trans-Channel Angevin realm from Scotland to the Pyrenees.,Europe,Politics & Military,
Elizabeth I,1533-09-07,1603-03-24,English,Queen of England; defeat of the Spanish Armada and patronage of the Elizabethan cultural renaissance.,Europe,Politics & Military,
William Harvey,1578-04-01,1657-06-03,English,Demonstrated the circulation of blood and the heart's pumping action.,Europe,Science,
Joan of Arc,1412-01-06,1431-05-30,French,Teenage heroine whose leadership lifted the siege of Orleans and changed the course of the Hundred Years War.,Europe,Politics & Military,
George Washington,1732-02-22,1799-12-14,American,"A Founding Father and the first president of the United States. As commander of the Continental Army, Washington led Patriot forces to victory in the American Revolutionary War.",North America,Politics & Military,
Li Hongzhang (李鴻章),1823-02-15,1901-11-07,Chinese,"Influential Qing diplomat and reformer, architect of the Self-Strengthening Movement and China's first modern foreign ministry.",East Asia,Politics & Military,
Qianlong Emperor (乾隆皇帝),1711-09-25,1799-02-07,Chinese,Sixth Qing emperor; presided over a high-water mark of Qing prosperity and was a great patron of the arts.,East Asia,Politics & Military,
Tokugawa Ieyasu (徳川家康),1543-01-31,1616-06-01,Japanese,"Unified Japan and founded the Tokugawa shogunate, ushering in the Edo period.",East Asia,Politics & Military,
Napoleon Bonaparte,1769-08-15,1821-05-05,French,A French general and statesman who led military campaigns across Europe during the Napoleonic Wars from 1796 to 1815.,Europe,Politics & Military,
Saddam Hussein,1937-04-28,2006-12-30,Iraqi,"President of Iraq, his regime was characterized by oppressive control and regional conflicts.",Middle East,Politics & Military,
Joseph Haydn,1732-03-31,1809-05-31,Austrian,Austrian composer often called the Father of the Symphony and Father of the String Quartet.,Europe,Music,
Dante Alighieri,1265-05-21,1321-09-14,Italian,"Author of The Divine Comedy, bridging medieval theology and Renaissance humanism.",Europe,Literature,
Baybars (الظاهر بيبرس),1223-07-19,1277-07-01,Circassian,Mamluk sultan who halted Mongol advance at Ain Jalut and ended Crusader strongholds.,Middle East,Politics & Military,
Vasco da Gama,1460-01-01,1524-12-24,Portuguese,Opened the sea route from Europe to India around the Cape of Good Hope.,Europe,Exploration & Discovery,
Raphael,1483-04-06,1520-04-06,Italian,High-Renaissance master of painting and architecture.,Europe,Visual Arts,
Nasir al-Din al-Tusi,1201-02-18,1274-06-26,Persian,Astronomer-mathematician who modeled planetary motion and advanced trigonometry.,Middle East,Science,
Ivan IV the Terrible,1530-08-25,1584-03-28,Russian,First Tsar of Russia; centralized authority and expanded into Siberia.,Europe,Politics & Military,
Louis XIV,1638-09-05,1715-09-01,French,The Sun King of France; epitome of absolute monarchy and long-lasting centralized rule.,Europe,Politics & Military,
Nader Shah,1688-10-22,1747-06-19,Persian,Conqueror who briefly restored Persian power from India to the Caucasus.,Middle East,Politics & Military,
Osman I,1258-01-01,1326-08-01,Turkish,"Founder of the Ottoman dynasty, capturing Byzantine forts in Bithynia and carving a beylik from Byzantine frontiers.",Middle East,Politics & Military,
Nurhaci (努爾哈赤),1559-02-21,1626-09-30,Manchu,Jurchen chieftain who laid the groundwork for the Qing dynasty.,East Asia,Politics & Military,
Li Shizhen (李時珍),1518-07-03,1593-01-01,Chinese,Physician who compiled the monumental Compendium of Materia Medica.,East Asia,Science,
Galileo Galilei,1564-02-15,1642-01-08,Italian,"Performed telescopic observations, founded kinematics, and defended Copernicanism.",Europe,Science,
Milton Friedman,1912-07-31,2006-11-16,American,American economist who received the 1976 Nobel Prize in Economic Sciences. An intellectual leader of the Chicago school of economics.,North America,Economy,
Miguel de Cervantes,1547-09-29,1616-04-23,Spanish,"Author of Don Quixote, regarded as the foundation of the modern novel.",Europe,Literature,
Sunni Ali,1443-01-01,1492-11-06,Songhai,Conqueror who expanded Gao into West Africa's dominant Songhai Empire.,Africa,Politics & Military,
Lin Zexu (林則徐),1785-08-30,1850-11-22,Chinese,Imperial commissioner who led the campaign against opium in Canton - the catalyst for the First Opium War.,East Asia,Politics & Military,
Caravaggio,1571-09-29,1610-07-18,Italian,Baroque painter famous for dramatic chiaroscuro realism.,Europe,Visual Arts,
Huizong (宋徽宗),1082-11-02,1135-06-04,Chinese,Artist-emperor whose cultural patronage peaked Song arts but whose reign ended with Jurchen conquest.,East Asia,Politics & Military,
Le Loi (黎利),1385-09-10,1433-10-05,Vietnamese,Led the Lam Son uprising that expelled Ming occupation and founded the Later Le dynasty.,East Asia,Politics & Military,
Okubo Toshimichi (大久保利通),1830-09-26,1878-05-14,Japanese,Key Meiji statesman; drove major political and economic reforms that modernized Japan after the fall of the shogunate.,East Asia,Politics & Military,
Shah Abbas I,1571-01-27,1629-01-19,Persian,Safavid ruler who revitalized Persia and moved the capital to Isfahan.,Middle East,Politics & Military,
Genghis Khan (成吉思汗),1162-01-01,1227-08-18,Mongolian,"Founder of the Mongol Empire, creating history's largest contiguous land empire and opening Eurasian trade routes.",Central Asia,Politics & Military,
Skanderbeg (Gjergj Kastrioti),1405-05-06,1468-01-17,Albanian,Led a 25-year rebellion that checked Ottoman expansion in the Balkans.,Europe,Politics & Military,
Marquis de Lafayette,1757-09-06,1834-05-20,French,"French aristocrat who fought in both the American and French Revolutions, symbolizing Franco-American cooperation.",Europe,Politics & Military,
Kusunoki Masashige (楠木正成),1294-01-01,1336-07-04,Japanese,Loyalist commander famed for unconventional tactics during Japan's Kenmu Restoration.,East Asia,Politics & Military,
Taira no Kiyomori (平清盛),1118-01-01,1181-03-20,Japanese,"First samurai leader to dominate Kyoto court politics, paving the way for shogunal rule.",East Asia,Politics & Military,
Zhang Juzheng (張居正),1525-05-16,1582-07-09,Chinese,Grand Secretary whose Single Whip tax reforms stabilized Ming finances.,East Asia,Politics & Military,
Mark Twain,1835-11-30,1910-04-21,American,American writer and humorist known for his satirical wit and classics like Adventures of Huckleberry Finn.,North America,Literature,
Peter Paul Rubens,1577-06-28,1640-05-30,Flemish,Flemish Baroque painter known for dynamic compositions and vibrant color.,Europe,Visual Arts,
James Watt,1736-01-19,1819-08-25,Scottish,"Dramatically improved the steam engine, catalyzing the Industrial Revolution.",Europe,Science,
Omar Khayyam,1048-05-18,1131-12-04,Persian,Re-calibrated the Jalali calendar; eminent mathematician and poet of the Rubaiyat.,Middle East,Science,
Catherine the Great,1729-05-02,1796-11-17,Russian,Empress of Russia; expanded Russian territory and pursued Enlightenment-inspired reforms.,Europe,Politics & Military,
James Clerk Maxwell,1831-06-13,1879-11-05,Scottish,"Scottish physicist whose formulation of electromagnetic theory unified electricity, magnetism, and light.",Europe,Science,
Luo Guanzhong (羅貫中),1330-01-01,1400-01-01,Chinese,"Credited author of Romance of the Three Kingdoms, one of China's Four Great Classical Novels.",East Asia,Literature,
Sakamoto Ryoma (坂本龍馬),1836-01-03,1867-12-10,Japanese,"Visionary samurai who brokered the Satcho Alliance, paving the way for the Meiji Restoration.",East Asia,Politics & Military,
Utagawa Hiroshige (歌川広重),1797-06-01,1858-10-12,Japanese,Pioneer of landscape prints in ukiyo-e; his Fifty-three Stations of the Tokaido series had widespread influence.,East Asia,Visual Arts,
Li Zicheng (李自成),1606-09-22,1645-04-26,Chinese,Peasant rebel leader whose uprising toppled the Ming but soon collapsed.,East Asia,Politics & Military,
Richard I the Lionheart,1157-09-08,1199-04-06,English,Crusader king famed for campaigns against Saladin during the Third Crusade.,Europe,Politics & Military,
Augusto Pinochet,1915-11-25,2006-12-10,Chilean,Military dictator who ruled Chile with a repressive regime following a coup d'etat.,South America,Politics & Military,
Alexander Graham Bell,1847-03-03,1922-08-02,Scottish-American,"Inventor of the telephone, innovator in communication technologies.",North America,Science,
Sun Yat-sen (孫中山),1866-11-12,1925-03-12,Chinese,Revolutionary and Father of the Republic; led the 1911 Revolution that overthrew the Qing dynasty.,East Asia,Politics & Military,
Vlad III Dracula,1431-11-08,1476-12-01,Wallachian,Prince of Wallachia famed for guerrilla resistance and brutal tactics against the Ottomans.,Europe,Politics & Military,
Wu Sangui (吳三桂),1612-08-18,1678-10-02,Chinese,General who opened Shanhai Pass to the Manchus and later led the Revolt of the Three Feudatories.,East Asia,Politics & Military,
Titian,1488-01-01,1576-08-27,Italian,Venetian master renowned for color and portraiture.,Europe,Visual Arts,
Yongle Emperor (明永樂帝),1360-05-02,1424-08-12,Chinese,Ming emperor who sponsored Zheng He's voyages and built Beijing's Forbidden City.,East Asia,Politics & Military,
Niccolo Machiavelli,1469-05-03,1527-06-21,Italian,"Author of The Prince, defining modern political realism and statecraft.",Europe,Literature,
Ulugh Beg,1394-03-22,1449-10-27,Uzbek,Timurid astronomer-king who built Samarkand observatory and produced highly accurate star catalogues.,Central Asia,Science,
Blaise Pascal,1623-06-19,1662-08-19,French,"Advanced probability theory, devised Pascal's Triangle, and built a mechanical calculator.",Europe,Science,
Gaozong of Song (南宋高宗),1107-06-12,1187-11-09,Chinese,Re-established the Song court in Hangzhou after the Jingkang Disaster and negotiated peace with Jin.,East Asia,Politics & Military,
Zheng He (鄭和),1371-01-01,1433-07-12,Chinese,"Led seven Ming treasure-fleet voyages across the Indian Ocean, projecting Chinese maritime power.",East Asia,Exploration & Discovery,
Michelangelo Buonarroti,1475-03-06,1564-02-18,Italian,"An Italian sculptor, painter, architect, and poet of the High Renaissance with lasting influence on Western art.",Europe,Visual Arts,
Chongzhen Emperor (崇禎帝),1611-02-06,1644-04-25,Chinese,Last Ming ruler; committed suicide as Li Zicheng's rebels entered Beijing.,East Asia,Politics & Military,
Shenzong (北宋神宗),1048-05-25,1085-04-01,Chinese,"Northern Song emperor who sponsored Wang Anshi's New Policies, reshaping tax and military systems.",East Asia,Politics & Military,
Oda Nobunaga (織田信長),1534-06-23,1582-06-21,Japanese,Began Japan's military unification and introduced firearms on a large scale.,East Asia,Politics & Military,
Joseph Stalin,1878-12-18,1953-03-05,Soviet,"General Secretary of the Communist Party, known for his totalitarian regime marked by purges and repression.",Europe,Politics & Military,
Rene Descartes,1596-03-31,1650-02-11,French,Cogito ergo sum; founder of modern rationalist philosophy.,Europe,Philosophy,
Nikola Tesla,1856-07-10,1943-01-07,Serbian-American,Serbian-American inventor whose innovations in AC electrical systems transformed modern power distribution.,North America,Science,
Kim Jong-il,1941-02-16,2011-12-17,North Korean,"Succeeded his father and maintained an oppressive, centralized regime in North Korea.",East Asia,Politics & Military,
Akbar the Great,1542-10-15,1605-10-27,Indian,Mughal emperor who expanded India and promoted religious tolerance and administrative reforms.,South Asia,Politics & Military,
Heshen (和珅),1750-01-01,1799-02-22,Chinese,Infamous favorite of Qianlong; symbol of late-Qing corruption.,East Asia,Politics & Military,
Mehmed II the Conqueror,1432-03-30,1481-05-03,Ottoman,"Captured Constantinople in 1453, ending the Byzantine Empire and reshaping global trade.",Middle East,Politics & Military,
Emperor Meiji (明治天皇),1852-11-03,1912-07-30,Japanese,Under whose reign Japan underwent rapid modernization and emerged as a major world power.,East Asia,Politics & Military,
Jan Zizka,1360-01-01,1424-10-11,Czech,Innovative Hussite general who used wagon-fort tactics to defeat larger crusading armies.,Europe,Politics & Military,
Edouard Manet,1832-01-23,1883-04-30,French,Pioneering French painter bridging Realism and Impressionism with challenging traditional art conventions.,Europe,Visual Arts,
Hongwu Emperor (洪武帝),1328-10-21,1398-06-24,Chinese,Peasant-turned-emperor who founded the Ming dynasty and reformed land and tax systems.,East Asia,Politics & Military,
Ferdinand Magellan,1480-01-01,1521-04-27,Portuguese,"Initiated the first circumnavigation of the globe, proving global connectivity by sea.",Europe,Exploration & Discovery,
Wolfgang Amadeus Mozart,1756-01-27,1791-12-05,Austrian,A prolific and influential composer of the Classical period with more than 800 works representing virtually every Western classical genre of his time.,Europe,Music,
Kublai Khan (忽必烈汗),1215-09-23,1294-02-18,Mongolian,"Grandson of Genghis; conquered all of China and founded the Yuan dynasty, integrating East-West commerce.",East Asia,Politics & Military,
Minamoto no Yoritomo (源頼朝),1147-05-09,1199-02-09,Japanese,"Victorious in the Genpei War; founded the Kamakura shogunate, Japan's first warrior government.",East Asia,Politics & Military,
Kangxi Emperor (清康熙帝),1654-05-04,1722-12-20,Chinese,"Consolidated Qing rule and fostered science and culture, becoming one of China's longest-reigning emperors.",East Asia,Politics & Military,
Johannes Brahms,1833-05-07,1897-04-03,German,"German composer of the Romantic period, recognized for his symphonies, chamber music, and mastery of classical forms.",Europe,Music,
Xu Xiake (徐霞客),1587-01-05,1641-03-08,Chinese,Ming geographer whose travel diaries mapped China's karst landscapes and rivers.,East Asia,Exploration & Discovery,
Pol Pot,1925-05-19,1998-04-15,Cambodian,"Leader of the Khmer Rouge, responsible for the Cambodian genocide and radical social engineering.",East Asia,Politics & Military,
Subutai (速不臺),1175-01-01,1248-01-01,Mongolian,Genghis Khan's chief strategist; orchestrated campaigns from China to Central Europe.,Central Asia,Politics & Military,
Nicolaus Copernicus,1473-02-19,1543-05-24,Polish,Formulated the heliocentric model that overturned Ptolemaic astronomy.,Europe,Science,
Benito Mussolini,1883-07-29,1945-04-28,Italian,"Founder of Fascism, he ruled Italy with strict authoritarian policies until his downfall during WWII.",Europe,Politics & Military,
Christiaan Huygens,1629-04-14,1695-07-08,Dutch,"Formulated the wave theory of light, improved the pendulum clock, and discovered Saturn's rings.",Europe,Science,
Thomas Jefferson,1743-04-13,1826-07-04,American,Third President of the United States; principal author of the Declaration of Independence.,North America,Politics & Military,
Shi Nai'an (施耐庵),1296-01-01,1372-01-01,Chinese,"Traditional author of Water Margin, epic of outlaw-heroes in Song China.",East Asia,Literature,
Edgar Degas,1834-07-19,1917-09-27,French,"French painter and sculptor known for innovative portrayals of movement, particularly in ballet dancers.",Europe,Visual Arts,
Evangelista Torricelli,1608-10-15,1647-10-25,Italian,Invented the mercury barometer and advanced fluid-dynamics studies.,Europe,Science,
Adelard of Bath,1080-01-01,1152-01-01,English,"Translated Arabic science (Euclid, al-Khwarizmi) and popularised Arabic numerals in Northern Europe.",Europe,Science,
Tokugawa Iemitsu (徳川家光),1604-08-12,1651-06-08,Japanese,Third Tokugawa shogun; enforced sakoku isolation and centralized daimyo control.,East Asia,Politics & Military,
Diego Velazquez,1599-06-06,1660-08-06,Spanish,Spanish court painter; created the masterpiece Las Meninas.,Europe,Visual Arts,
Henry V of England,1386-09-16,1422-08-31,English,Won the Battle of Agincourt and concluded the Treaty of Troyes during the Hundred Years War.,Europe,Politics & Military,
Zuo Zongtang (左宗棠),1812-11-10,1885-09-05,Chinese,Military leader and statesman who quelled the Taiping Rebellion and reconsolidated Qing control in the northwest.,East Asia,Politics & Military,
Abraham Lincoln,1809-02-12,1865-04-15,American,"16th President of the United States, led the country through the Civil War and issued the Emancipation Proclamation.",North America,Politics & Military,
Philip II Augustus,1165-08-21,1223-07-14,French,"Tripled the royal domain, defeating the Angevin Empire and laying foundations for a centralized French state.",Europe,Politics & Military,
John Locke,1632-08-29,1704-10-28,English,Empiricist philosopher; social-contract theory that influenced Enlightenment politics.,Europe,Philosophy,
Li Chun (李淳),1000-01-01,1085-01-01,Chinese,"Song engineer who designed the Zhaozhou open-spandrel stone arch bridge, the world's oldest of its type.",East Asia,Science,
Batu Khan (拔都汗),1205-01-01,1255-01-01,Mongolian,Leader of the Golden Horde; devastated Kievan Rus' and invaded Central Europe.,Central Asia,Politics & Military,
Shen Kuo (沈括),1031-01-01,1095-01-01,Chinese,"Song polymath; Dream Pool Essays described magnetic-declination, movable lock-gates, and astronomy.",East Asia,Science,
El Cid (Rodrigo Diaz),1043-01-01,1099-07-10,Castilian,Iconic knight-commander of the Reconquista; captured Valencia and became its ruler.,Europe,Politics & Military,
Rembrandt van Rijn,1606-07-15,1669-10-04,Dutch,Dutch Golden-Age painter celebrated for mastery of light and portraiture.,Europe,Visual Arts,
Frederic Chopin,1810-03-01,1849-10-17,Polish,Polish composer and virtuoso pianist noted for his expressive and technically demanding piano compositions.,Europe,Music,
Suleiman the Magnificent,1494-11-06,1566-09-06,Ottoman,Sultan during the height of Ottoman territorial and cultural power.,Middle East,Politics & Military,
Jean-Jacques Rousseau,1712-06-28,1778-07-02,French,Philosopher whose ideas on natural human goodness and social contract influenced revolutionary and democratic thought.,Europe,Philosophy,
Adam Smith,1723-06-05,1790-07-17,Scottish,A Scottish economist often called The Father of Economics; wrote The Wealth of Nations (1776).,Europe,Economy,
Isaac Newton,1643-01-04,1727-03-31,English,"An English polymath active as a mathematician, physicist, and astronomer. Newton was a key figure in the Scientific Revolution and the Enlightenment.",Europe,Science,
Victor Hugo,1802-02-26,1885-05-22,French,"French writer best known for Les Miserables and The Hunchback of Notre-Dame, exploring themes of justice and human suffering.",Europe,Literature,
Edmond Halley,1656-11-08,1742-01-14,English,Predicted the return period of the comet that bears his name; key work in astronomy and geophysics.,Europe,Science,
Dmitri Mendeleev,1834-02-08,1907-02-02,Russian,"Russian chemist who created the Periodic Table of Elements, predicting properties of undiscovered elements.",Europe,Science,
Moctezuma I,1398-01-01,1469-01-01,Aztec,Huey Tlatoani who expanded the Aztec Empire and engineered Tenochtitlan's aqueducts.,North America,Politics & Military,
Martin Luther,1483-11-10,1546-02-18,German,Author of the 95 Theses; catalyst of the Protestant Reformation.,Europe,Religion,
James Cook,1728-11-07,1779-02-14,British,"Led three voyages mapping much of the Pacific, including Australia, New Zealand, and Hawaii.",Europe,Exploration & Discovery,
Yongzheng Emperor (清雍正帝),1678-12-13,1735-10-08,Chinese,Energetic reformer; streamlined taxes and strengthened central control.,East Asia,Politics & Military,
Henry VIII,1491-06-28,1547-01-28,English,English monarch who launched the English Reformation and established the Church of England.,Europe,Politics & Military,
Murad I,1326-06-29,1389-06-15,Ottoman,Expanded Ottoman rule into the Balkans and won the Battle of Kosovo.,Middle East,Politics & Military,
Karl Marx,1818-05-05,1883-03-14,German,"Philosopher, economist, and revolutionary whose ideas on socialism and class struggle have influenced global political movements.",Europe,Economy,
Marco Polo,1254-09-15,1324-01-08,Venetian,"Travelled to Central Asia and China, documented in The Travels of Marco Polo, greatly influencing European knowledge of the East.",Europe,Exploration & Discovery,
Gregor Mendel,1822-07-20,1884-01-06,Austrian,Austrian scientist whose experiments with pea plants laid the foundation for modern genetics.,Europe,Science,
Robert Hooke,1635-07-28,1703-03-03,English,Pioneer of cell theory (Micrographia) and author of Hooke's Law of elasticity.,Europe,Science,
Ibn Majid,1421-01-01,1500-01-01,Omani,Renowned Arab navigator whose sea-pilot manuals guided Indian-Ocean trade routes.,Middle East,Exploration & Discovery,
Voltaire,1694-11-21,1778-05-30,French,French Enlightenment writer and critic of religious intolerance; famous for Candide and his advocacy of civil liberties.,Europe,Literature,
Wu Cheng'en (吳承恩),1500-01-01,1582-01-01,Chinese,"Traditional author of Journey to the West, blending satire, folklore, and Buddhist allegory.",East Asia,Literature,
Roger Bacon,1220-01-01,1292-06-11,English,Medieval scholar who championed empirical methods and advanced optics and alchemy.,Europe,Science,
Francisco Franco,1892-12-04,1975-11-20,Spanish,Military general who ruled Spain with an authoritarian regime following the Spanish Civil War.,Europe,Politics & Military,
Albert Einstein,1879-03-14,1955-04-18,German,A German-born theoretical physicist best known for developing the theory of relativity. He received the 1921 Nobel Prize in Physics.,Europe,Science,
Johannes Kepler,1571-12-27,1630-11-15,German,"Discovered the three laws of planetary motion, laying foundations for celestial mechanics.",Europe,Science,
Frederick the Great,1712-01-24,1786-08-17,Prussian,"King of Prussia; modernized his army and state, making Prussia a major European power.",Europe,Politics & Military,
David Hume,1711-05-07,1776-08-25,Scottish,"A Scottish philosopher best known for his highly influential system of empiricism, philosophical scepticism and metaphysical naturalism.",Europe,Philosophy,
Wang Yangming (王陽明),1472-10-31,1529-01-09,Chinese,"Neo-Confucian philosopher of innate knowing, highly influential in East Asian thought.",East Asia,Philosophy,
Pachacuti,1418-01-01,1471-01-01,Inca,Transformed the Kingdom of Cusco into the vast Inca Empire and commissioned Machu Picchu.,South America,Politics & Military,
Pythagoras,-570-01-01,-495-01-01,Greek,"Philosopher and mathematician who founded the Pythagorean school; contributions to mathematics, music theory, and philosophy. His theorem remains fundamental to geometry.",Europe,Philosophy,
Heraclitus,-535-01-01,-475-01-01,Greek,Pre-Socratic philosopher known for his doctrine of change and the concept of Logos; famous for the statement that one cannot step into the same river twice.,Europe,Philosophy,
Parmenides,-515-01-01,-450-01-01,Greek,Pre-Socratic philosopher who argued that reality is unchanging and that change is illusory; founder of the Eleatic school.,Europe,Philosophy,
Socrates,-470-01-01,-399-01-01,Greek,Athenian philosopher who laid foundations of Western philosophy through his Socratic method; never wrote but known through Plato's dialogues. Executed by hemlock for impiety.,Europe,Philosophy,
Hippocrates,-460-01-01,-370-01-01,Greek,Father of Medicine who established medicine as a profession distinct from philosophy and religion; the Hippocratic Oath bears his name.,Europe,Science,
Democritus,-460-01-01,-370-01-01,Greek,"Pre-Socratic philosopher who developed atomic theory, proposing that all matter consists of indivisible atoms moving through void.",Europe,Philosophy,
Thucydides,-460-01-01,-400-01-01,Greek,Athenian historian whose History of the Peloponnesian War set standards for historical scholarship with critical analysis and evidence-based writing.,Europe,Literature,
Plato,-428-01-01,-348-01-01,Greek,Student of Socrates and teacher of Aristotle; founded the Academy in Athens. His dialogues and theory of Forms profoundly shaped Western philosophy.,Europe,Philosophy,
Aristotle,-384-01-01,-322-01-01,Greek,"Student of Plato and tutor of Alexander the Great; his works on logic, metaphysics, ethics, politics, and natural sciences dominated Western thought for millennia.",Europe,Philosophy,
Demosthenes,-384-01-01,-322-01-01,Greek,Greatest Athenian orator whose speeches against Philip II of Macedon exemplified classical rhetoric and Athenian resistance to Macedonian expansion.,Europe,Literature,
Euclid,-325-01-01,-265-01-01,Greek,Mathematician whose Elements became the most influential textbook in history; systematized geometry and established rigorous mathematical proof.,Europe,Science,
Archimedes,-287-01-01,-212-01-01,Greek,"Mathematician, physicist, and engineer who discovered principles of buoyancy and leverage; invented war machines to defend Syracuse. Killed during Roman siege.",Europe,Science,
Eratosthenes,-276-01-01,-194-01-01,Greek,"Polymath who calculated Earth's circumference with remarkable accuracy; coined the term ""geography"" and created early world maps.",Europe,Science,
Leonidas I,-540-01-01,-480-08-11,Greek,"Spartan king who led 300 Spartans in heroic last stand at Thermopylae against Persian forces, becoming symbol of courage and sacrifice.",Europe,Politics & Military,
Pericles,-495-01-01,-429-01-01,Greek,"Athenian statesman during the Golden Age; promoted democracy, arts, and architecture including the Parthenon. His funeral oration exemplifies democratic ideals.",Europe,Politics & Military,
Alexander the Great,-356-07-20,-323-06-10,Greek,"King of Macedon who created one of history's largest empires, spreading Hellenistic culture from Greece to India. Never lost a battle.",Europe,Politics & Military,
Philip II of Macedon,-382-01-01,-336-01-01,Greek,Father of Alexander the Great; transformed Macedon into the dominant Greek power through military innovation and diplomatic skill.,Europe,Politics & Military,
Cyrus the Great,-600-01-01,-530-01-01,Persian,"Founder of the Achaemenid Persian Empire; known for religious tolerance and the Cyrus Cylinder, earliest declaration of human rights.",Middle East,Politics & Military,
Darius I,-550-01-01,-486-01-01,Persian,"Achaemenid emperor who reorganized the empire with satrapies, standardized coinage, and built the Royal Road. Invaded Greece but defeated at Marathon.",Middle East,Politics & Military,
Xerxes I,-519-01-01,-465-08-01,Persian,Persian king who led massive invasion of Greece; defeated at Salamis and Plataea. Known from Herodotus's Histories and Biblical Book of Esther.,Middle East,Politics & Military,
Mani,216-04-14,274-02-26,Persian,"Prophet and founder of Manichaeism, a major Gnostic religion blending Zoroastrian, Christian, and Buddhist elements that spread from Rome to China.",Middle East,Religion,
Scipio Africanus,-236-01-01,-183-01-01,Roman,"Roman general who defeated Hannibal at Zama, ending the Second Punic War and establishing Roman dominance in the Mediterranean.",Europe,Politics & Military,
Cato the Elder,-234-01-01,-149-01-01,Roman,"Roman statesman and historian who championed traditional Roman values and advocated destruction of Carthage with his famous ""Carthago delenda est.""",Europe,Politics & Military,
Cicero,-106-01-03,-043-12-07,Roman,"Roman statesman, orator, and philosopher whose writings on rhetoric, politics, and philosophy shaped Latin prose and Western thought.",Europe,Literature,
Julius Caesar,-100-07-12,-044-03-15,Roman,"Roman general and statesman who conquered Gaul, crossed the Rubicon, and became dictator. His assassination led to end of the Republic.",Europe,Politics & Military,
Marcus Antonius (Mark Antony),-083-01-14,-030-08-01,Roman,"Roman general and triumvir; formed alliance with Cleopatra VII, defeated by Octavian at Actium, ending the Roman Republic.",Europe,Politics & Military,
Cleopatra VII,-069-01-01,-030-08-12,Egyptian,Last active pharaoh of Ptolemaic Egypt; formed political and romantic alliances with Julius Caesar and Mark Antony to preserve Egyptian independence.,Middle East,Politics & Military,
Augustus (Octavian),-063-09-23,014-08-19,Roman,First Roman Emperor who ended civil wars and established the Pax Romana. His 40-year reign transformed Rome from republic to empire.,Europe,Politics & Military,
Tiberius,-042-11-16,037-03-16,Roman,"Second Roman Emperor, stepson of Augustus; capable administrator but reclusive ruler. Reigned during Jesus Christ's crucifixion.",Europe,Politics & Military,
Nero,037-12-15,068-06-09,Roman,"Fifth Roman Emperor notorious for tyranny, persecution of Christians, and possibly setting the Great Fire of Rome. His suicide ended the Julio-Claudian dynasty.",Europe,Politics & Military,
Vespasian,009-11-17,079-06-23,Roman,Roman Emperor who restored stability after Year of Four Emperors; began construction of Colosseum and reformed finances.,Europe,Politics & Military,
Trajan,053-09-18,117-08-09,Roman,Roman Emperor who expanded the empire to its greatest extent; renowned for administrative ability and philanthropic public works.,Europe,Politics & Military,
Hadrian,076-01-24,138-07-10,Roman,Roman Emperor who built Hadrian's Wall and the Pantheon; promoted Greek culture and traveled extensively throughout the empire.,Europe,Politics & Military,
Marcus Aurelius,121-04-26,180-03-17,Roman,Roman Emperor and Stoic philosopher; his Meditations remains a classic of philosophy. Last of the Five Good Emperors.,Europe,Philosophy,
Diocletian,244-12-22,311-12-03,Roman,"Roman Emperor who divided the empire into the Tetrarchy, reformed administration, and launched the last great persecution of Christians.",Europe,Politics & Military,
Constantine the Great,272-02-27,337-05-22,Roman,First Christian Roman Emperor who legalized Christianity with the Edict of Milan and founded Constantinople. Convened Council of Nicaea.,Europe,Politics & Military,
Julian the Apostate,331-01-01,363-06-26,Roman,Roman Emperor who attempted to restore paganism and traditional Roman religion after Constantine's Christianization; died fighting Persia.,Europe,Politics & Military,
Theodosius I,347-01-11,395-01-17,Roman,Last emperor to rule both Eastern and Western Roman empires; made Christianity the state religion and banned pagan practices.,Europe,Politics & Military,
Virgil,-070-10-15,-019-09-21,Roman,"Roman poet whose Aeneid became Rome's national epic, glorifying Roman origins and Augustus's rule. Also wrote Eclogues and Georgics.",Europe,Literature,
Horace,-065-12-08,-008-11-27,Roman,"Roman lyric poet known for his Odes, Satires, and Epistles; his phrase ""carpe diem"" (seize the day) endures.",Europe,Literature,
Ovid,-043-03-20,017-01-01,Roman,"Roman poet famous for Metamorphoses, a narrative poem of Greek and Roman mythology that profoundly influenced Western art and literature.",Europe,Literature,
Seneca the Younger,-004-01-01,065-04-01,Roman,"Stoic philosopher, statesman, and tutor to Nero; his philosophical writings and tragedies influenced medieval and Renaissance thought.",Europe,Philosophy,
Plutarch,046-01-01,120-01-01,Greek,"Greek historian and biographer whose Parallel Lives compared Greek and Roman leaders, profoundly influencing Western literature and biography.",Europe,Literature,
Tacitus,056-01-01,120-01-01,Roman,"Roman historian whose Annals and Histories provided critical accounts of the Roman Empire; known for concise, powerful prose.",Europe,Literature,
Ptolemy (Claudius Ptolemaeus),100-01-01,170-01-01,Egyptian-Greek,"Mathematician, astronomer, and geographer whose geocentric model dominated astronomy for 1400 years. His Geography mapped the known world.",Middle East,Science,
Galen,129-01-01,216-01-01,Greek,"Physician whose theories dominated Western medicine for 1300 years; made advances in anatomy, physiology, and pharmacology.",Europe,Science,
Jesus Christ,-004-01-01,030-04-03,Jewish,"Central figure of Christianity; Jewish preacher whose teachings on love, forgiveness, and salvation formed the basis of Christian theology.",Middle East,Religion,
Paul the Apostle,005-01-01,067-01-01,Jewish-Roman,Early Christian missionary whose epistles comprise much of the New Testament; transformed Christianity from Jewish sect to world religion.,Middle East,Religion,
Augustine of Hippo,354-11-13,430-08-28,Roman-African,Bishop and theologian whose works including Confessions and City of God shaped Christian doctrine and Western philosophy.,Africa,Religion,
Phidias,-480-01-01,-430-01-01,Greek,Greatest sculptor of classical Greece; created the statue of Zeus at Olympia (one of Seven Wonders) and supervised Parthenon sculptures.,Europe,Visual Arts,
Praxiteles,-400-01-01,-330-01-01,Greek,"Greek sculptor who pioneered naturalistic and graceful style; famous for Aphrodite of Knidos, first major nude female statue.",Europe,Visual Arts,
Homer,-800-01-01,-750-01-01,Greek,"Epic poet attributed with composing the Iliad and Odyssey, foundational works of Western literature. Historical existence debated but influence undeniable.",Europe,Literature,
Confucius (孔子),-551-09-28,-479-04-11,Chinese,"Founder of Confucianism whose teachings on ethics, family, and governance shaped East Asian civilization for millennia. His Analects became foundation of Chinese education.",East Asia,Philosophy,
Laozi (老子),-571-01-01,-471-01-01,Chinese,Legendary founder of Taoism and author of the Tao Te Ching; his philosophy of natural harmony and non-action profoundly influenced Chinese thought.,East Asia,Philosophy,
Sun Tzu (孫子),-544-01-01,-496-01-01,Chinese,"Military strategist and author of The Art of War, the most influential military treatise in history, widely applied to strategy, business, and leadership.",East Asia,Politics & Military,
Mozi (墨子),-470-01-01,-391-01-01,Chinese,"Philosopher who founded Mohism emphasizing universal love, meritocracy, and frugality; challenged Confucian thought during Warring States period.",East Asia,Philosophy,
Mencius (孟子),-372-01-01,-289-01-01,Chinese,Confucian philosopher who argued human nature is inherently good; second only to Confucius in influence on Confucian thought.,East Asia,Philosophy,
Zhuangzi (莊子),-369-01-01,-286-01-01,Chinese,"Taoist philosopher whose poetic and paradoxical writings on freedom, relativity, and spontaneity became foundational Taoist texts.",East Asia,Philosophy,
Xunzi (荀子),-310-01-01,-235-01-01,Chinese,Confucian philosopher who argued human nature is inherently selfish and requires education and ritual; teacher of Han Feizi and Li Si.,East Asia,Philosophy,
Han Feizi (韓非子),-280-01-01,-233-01-01,Chinese,Legalist philosopher whose writings on autocratic rule and law influenced Qin Shi Huang; emphasized strict laws and harsh punishments.,East Asia,Philosophy,
Shang Yang (商鞅),-390-01-01,-338-01-01,Chinese,"Qin statesman whose Legalist reforms strengthened the state through agriculture, military, and centralized control, laying groundwork for Qin unification.",East Asia,Politics & Military,
Bai Qi (白起),-332-01-01,-257-01-01,Chinese,"Qin general known as the Human Butcher; won over 70 battles and killed hundreds of thousands, key to Qin military dominance.",East Asia,Politics & Military,
Lord Mengchang (孟嘗君),-314-01-01,-279-01-01,Chinese,Influential nobleman of Qi state famous for his network of retainers and political maneuvering during Warring States period.,East Asia,Politics & Military,
Qin Shi Huang (秦始皇),-259-02-18,-210-09-10,Chinese,"First Emperor of unified China who standardized writing, currency, and measurements; built Great Wall and Terracotta Army; burned books and buried scholars.",East Asia,Politics & Military,
Li Si (李斯),-280-01-01,-208-09-01,Chinese,"Qin chancellor who implemented Legalist policies, standardized script, and assisted Qin unification; later executed during court intrigue.",East Asia,Politics & Military,
Liu Bang (劉邦),-256-01-01,-195-06-01,Chinese,Peasant who overthrew Qin and founded Han Dynasty as Emperor Gaozu; established 400-year dynasty that defined Chinese culture.,East Asia,Politics & Military,
Xiao He (蕭何),-257-01-01,-193-01-01,Chinese,Chief adviser to Liu Bang who designed Han governmental system and legal code; ensured smooth transition from Qin to Han.,East Asia,Politics & Military,
Han Xin (韓信),-231-01-01,-196-01-01,Chinese,Brilliant Han military strategist who won decisive battles establishing the Han Dynasty; later executed on suspicion of rebellion.,East Asia,Politics & Military,
Emperor Wu of Han (漢武帝),-156-07-14,-087-03-29,Chinese,"Greatest Han emperor who expanded empire, established Confucianism as state ideology, and opened Silk Road trade with the West.",East Asia,Politics & Military,
Sima Qian (司馬遷),-145-01-01,-086-01-01,Chinese,"Grand Historian who wrote Records of the Grand Historian, foundational history of China covering 2000+ years; endured castration to complete his work.",East Asia,Literature,
Ban Gu (班固),032-01-01,092-01-01,Chinese,"Han historian who wrote Book of Han, establishing the standard format for Chinese dynastic histories.",East Asia,Literature,
Ban Zhao (班昭),045-01-01,116-01-01,Chinese,Female scholar who completed her brother Ban Gu's Book of Han and wrote Lessons for Women; most famous female Confucian scholar.,East Asia,Literature,
Zhang Heng (張衡),078-01-01,139-01-01,Chinese,"Han polymath who invented the seismoscope (first earthquake detector), made astronomical discoveries, and advanced mathematics.",East Asia,Science,
Dong Zhuo (董卓),138-01-01,192-05-22,Chinese,Warlord whose tyranny in Luoyang precipitated the collapse of Han Dynasty and beginning of Three Kingdoms era.,East Asia,Politics & Military,
Cao Cao (曹操),155-07-18,220-03-15,Chinese,Brilliant strategist and warlord who dominated northern China; founder of Wei kingdom; portrayed as villain in Romance of Three Kingdoms but effective ruler.,East Asia,Politics & Military,
Liu Bei (劉備),161-07-16,223-06-10,Chinese,Warlord who claimed Han imperial descent and founded Shu Han kingdom; portrayed as virtuous hero in Romance of Three Kingdoms.,East Asia,Politics & Military,
Sun Quan (孫權),182-07-05,252-05-21,Chinese,Founder of Wu kingdom who controlled southern China during Three Kingdoms period; ruled longest of the three kingdoms.,East Asia,Politics & Military,
Zhuge Liang (諸葛亮),181-01-01,234-10-08,Chinese,Legendary strategist and chancellor of Shu Han; portrayed in Romance of Three Kingdoms as epitome of wisdom and loyalty.,East Asia,Politics & Military,
Guan Yu (關羽),160-01-01,220-01-01,Chinese,General of Shu Han later deified as God of War; symbol of loyalty and righteousness in Chinese culture.,East Asia,Politics & Military,
Qu Yuan (屈原),-340-01-01,-278-01-01,Chinese,"Poet and minister of Chu whose suicide by drowning inspired Dragon Boat Festival; author of Li Sao, masterpiece of classical Chinese poetry.",East Asia,Literature,
Cai Lun (蔡倫),050-01-01,121-01-01,Chinese,Han court official credited with inventing paper-making process that revolutionized writing and record-keeping worldwide.,East Asia,Science,
Wang Xizhi (王羲之),303-01-01,361-01-01,Chinese,Master calligrapher known as the Sage of Calligraphy; his Preface to the Poems Composed at the Orchid Pavilion is most revered work in Chinese calligraphy.,East Asia,Visual Arts,
Siddhartha Gautama (Buddha),-563-04-08,-483-01-01,Indian,Founder of Buddhism who taught the Middle Way and Four Noble Truths; his teachings spread across Asia becoming one of world's major religions.,South Asia,Religion,
Mahavira,-599-01-01,-527-01-01,Indian,Founder of Jainism who taught extreme non-violence and asceticism; contemporary of Buddha and last of 24 Tirthankaras.,South Asia,Religion,
Chandragupta Maurya,-340-01-01,-297-01-01,Indian,"Founded Maurya Empire, first to unify most of Indian subcontinent; grandfather of Ashoka.",South Asia,Politics & Military,
Ashoka the Great,-304-01-01,-232-01-01,Indian,Mauryan emperor who converted to Buddhism after brutal Kalinga War; spread Buddhism across Asia through missions and edicts carved in stone.,South Asia,Politics & Military,
Chanakya (Kautilya),-375-01-01,-283-01-01,Indian,"Political philosopher and royal adviser who wrote Arthashastra, treatise on statecraft, economics, and military strategy; guided Chandragupta Maurya.",South Asia,Philosophy,
Patanjali,-200-01-01,-150-01-01,Indian,"Sage who compiled the Yoga Sutras, foundational text of classical yoga philosophy and practice.",South Asia,Philosophy,
Nagarjuna,150-01-01,250-01-01,Indian,Buddhist philosopher who founded Madhyamaka school emphasizing emptiness; one of most influential Buddhist thinkers after Buddha himself.,South Asia,Philosophy,
Kalidasa,350-01-01,450-01-01,Indian,Greatest Sanskrit poet and playwright; author of Shakuntala and The Cloud Messenger; flourished during Gupta golden age.,South Asia,Literature,
Aryabhata,476-01-01,550-01-01,Indian,"Mathematician and astronomer who calculated pi accurately, understood Earth's rotation, and developed sine tables; influenced Islamic and European mathematics.",South Asia,Science,
Emperor Jimmu,-711-02-11,-585-04-09,Japanese,Legendary first emperor of Japan who established Yamato dynasty; regarded as mythical founder though historicity debated. Key figure in Shinto tradition.,East Asia,Politics & Military,
Emperor Ojin,200-01-01,310-02-15,Japanese,"Semi-legendary 15th emperor later deified as Hachiman, god of war; represents emergence of Yamato state power in early Japan.",East Asia,Politics & Military,
Empress Jingu,169-01-01,269-01-01,Japanese,Legendary empress consort and regent who supposedly led invasion of Korea; important figure in early Japanese mythology and legitimacy of imperial line.,East Asia,Politics & Military,
Prince Shotoku (聖徳太子),574-02-07,622-04-08,Japanese,"Regent who promoted Buddhism, Chinese culture, and centralized government; authored Seventeen-Article Constitution establishing ethical governance principles.",East Asia,Politics & Military,
King Gwanggaeto,374-01-01,413-10-01,Korean,Goguryeo king who greatly expanded kingdom across Manchuria and Korean peninsula; his memorial stele is major historical artifact.,East Asia,Politics & Military,
King Geunchogo,324-01-01,375-01-01,Korean,Baekje king who expanded kingdom and established formal relations with Japan and China; golden age of Baekje culture.,East Asia,Politics & Military,
Fan Shiman,205-01-01,225-01-01,Funan (Cambodian),King who expanded Funan Empire across Southeast Asia; established maritime trade networks connecting India and China.,East Asia,Politics & Military,
Zhang Qian (張騫),-164-01-01,-114-01-01,Chinese,Han diplomat whose journey to Central Asia opened the Silk Road; his reports introduced Chinese to Western regions and facilitated trade.,East Asia,Exploration & Discovery,
Gan Ying (甘英),050-01-01,110-01-01,Chinese,"Han envoy who traveled furthest west, reaching Persian Gulf; attempted to reach Rome but turned back, providing valuable geographic knowledge.",East Asia,Exploration & Discovery,
Steve Jobs,1955-02-24,2011-10-05,American,"Co-founder of Apple Inc. who revolutionized personal computing, smartphones, and digital media. The iPhone transformed global communication and technology.",North America,Economy,
Bill Gates,1955-10-28,,American,Co-founder of Microsoft who dominated personal computer software revolution. Later became major philanthropist through Gates Foundation focusing on global health.,North America,Economy,
Elon Musk,1971-06-28,,South African-American,"Entrepreneur who founded/leads Tesla, SpaceX, and other ventures. Pioneered electric vehicles and private space exploration, controversial social media presence.",North America,Economy,
Jeff Bezos,1964-01-12,,American,"Founded Amazon, transforming retail and cloud computing. Became world's wealthiest person; also founded Blue Origin space company.",North America,Economy,
Mark Zuckerberg,1984-05-14,,American,"Founded Facebook (Meta), creating world's largest social network connecting billions. Controversies over privacy, misinformation, and social impact.",North America,Economy,
Jack Ma (馬雲),1964-09-10,,Chinese,"Founded Alibaba, China's e-commerce giant. Became symbol of Chinese entrepreneurship before running afoul of government and retreating from public life.",East Asia,Economy,
Larry Page,1973-03-26,,American,"Co-founded Google with Sergey Brin, creating world's dominant search engine and reshaping how humanity accesses information.",North America,Economy,
Sergey Brin,1973-08-21,,Russian-American,"Co-founded Google with Larry Page. Born in Soviet Union, immigrated to US, helped create technologies that transformed the internet.",North America,Economy,
Barack Obama,1961-08-04,,American,"First African-American US President (2009-2017). Passed Affordable Care Act, navigated 2008 financial crisis, authorized operation that killed Osama bin Laden.",North America,Politics & Military,
Donald Trump,1946-06-14,,American,"US President (2017-2021), businessman and media personality. Controversial presidency marked by trade wars, immigration policies, and two impeachments.",North America,Politics & Military,
Angela Merkel,1954-07-17,,German,"German Chancellor (2005-2021), longest-serving leader in modern European history. Led through eurozone crisis and refugee crisis, symbol of European stability.",Europe,Politics & Military,
Margaret Thatcher,1925-10-13,2013-04-08,British,"First female British Prime Minister (1979-1990). Conservative leader who privatized industries, broke union power, and worked with Reagan to end Cold War.",Europe,Politics & Military,
Tony Blair,1953-05-06,,British,British Prime Minister (1997-2007) who modernized Labour Party. Legacy complicated by Iraq War involvement alongside George W. Bush.,Europe,Politics & Military,
Emmanuel Macron,1977-12-21,,French,"French President (2017-present), youngest since Napoleon. Centrist reformer facing challenges from both left and right populism.",Europe,Politics & Military,
Vladimir Putin,1952-10-07,,Russian,"Russian President/Prime Minister since 1999. Consolidated authoritarian control, annexed Crimea, invaded Ukraine, reasserted Russian power globally.",Europe,Politics & Military,
Xi Jinping (習近平),1953-06-15,,Chinese,"Chinese President (2012-present) who consolidated power, eliminated term limits, intensified surveillance state, and pursued aggressive foreign policy.",East Asia,Politics & Military,
Recep Tayyip Erdogan,1954-02-26,,Turkish,"Turkish President who transformed Turkey from parliamentary to presidential system. Increasingly authoritarian, expanded Turkish regional influence.",Middle East,Politics & Military,
Narendra Modi,1950-09-17,,Indian,Indian Prime Minister (2014-present) who promoted Hindu nationalism and economic development. Controversial for religious tensions and democratic backsliding concerns.,South Asia,Politics & Military,
Benjamin Netanyahu,1949-10-21,,Israeli,"Longest-serving Israeli Prime Minister. Dominated Israeli politics for decades, hardline on Palestinians, strengthened ties with Arab states.",Middle East,Politics & Military,
Mikhail Gorbachev,1931-03-02,2022-08-30,Soviet-Russian,Last Soviet leader whose glasnost and perestroika reforms led to end of Cold War and Soviet Union's collapse. Nobel Peace Prize winner.,Europe,Politics & Military,
Nelson Mandela,1918-07-18,2013-12-05,South African,"Anti-apartheid revolutionary who became South Africa's first Black president. Symbol of reconciliation and human rights, spent 27 years imprisoned.",Africa,Politics & Military,
Aung San Suu Kyi,1945-06-19,,Burmese,"Democracy activist who spent years under house arrest, won Nobel Peace Prize. Later led Myanmar government but legacy tarnished by Rohingya crisis.",East Asia,Politics & Military,
Malala Yousafzai,1997-07-12,,Pakistani,"Education activist who survived Taliban assassination attempt. Youngest Nobel Prize winner, advocates for girls' education worldwide.",South Asia,Politics & Military,
Greta Thunberg,2003-01-03,,Swedish,Youth climate activist who inspired global climate strikes. Symbol of young generation's climate activism and urgency.,Europe,Politics & Military,
Ai Weiwei (艾未未),1957-08-28,,Chinese,Artist and activist who challenges Chinese government through art. Imprisoned and exiled for political activism and human rights advocacy.,East Asia,Visual Arts,
Desmond Tutu,1931-10-07,2021-12-26,South African,"Anglican archbishop and anti-apartheid activist. Led Truth and Reconciliation Commission, symbol of moral leadership and social justice.",Africa,Religion,
Stephen Hawking,1942-01-08,2018-03-14,British,Theoretical physicist who revolutionized understanding of black holes and cosmology despite ALS. Made complex science accessible to public.,Europe,Science,
Tim Berners-Lee,1955-06-08,,British,"Invented the World Wide Web in 1989, fundamentally transforming global communication, commerce, and information sharing.",Europe,Science,
Craig Venter,1946-10-14,,American,Led private effort to sequence human genome. Pioneer in synthetic biology and personalized medicine.,North America,Science,
Tu Youyou (屠呦呦),1930-12-30,,Chinese,"Discovered artemisinin for malaria treatment, saving millions of lives. First Chinese woman to win Nobel Prize in Physiology or Medicine.",East Asia,Science,
Jennifer Doudna,1964-02-19,,American,"Co-developed CRISPR gene editing technology, revolutionary tool for genetic engineering. Nobel Prize winner raising ethical questions about human genome editing.",North America,Science,
Toni Morrison,1931-02-18,2019-08-05,American,"Nobel Prize-winning novelist whose works explored African-American experience. Author of Beloved, Song of Solomon, and other masterworks.",North America,Literature,
Gabriel García Márquez,1927-03-06,2014-04-17,Colombian,"Nobel Prize-winning author of One Hundred Years of Solitude. Pioneer of magical realism, most influential Latin American writer of modern era.",South America,Literature,
Haruki Murakami (村上春樹),1949-01-12,,Japanese,Internationally acclaimed novelist blending surrealism with contemporary themes. Works like Norwegian Wood and 1Q84 achieved global popularity.,East Asia,Literature,
Chimamanda Ngozi Adichie,1977-09-15,,Nigerian,"Acclaimed novelist and feminist voice. Author of Americanah and Half of a Yellow Sun, TED talk on feminism viewed millions of times.",Africa,Literature,
Michael Jackson,1958-08-29,2009-06-25,American,"King of Pop whose music, dance, and videos transformed popular culture globally. Thriller remains best-selling album ever, controversial personal life.",North America,Music,
Beyoncé,1981-09-04,,American,"Global superstar who transcended music to become cultural icon. Groundbreaking visual albums, powerful performances, advocate for Black culture and feminism.",North America,Music,
Taylor Swift,1989-12-13,,American,One of best-selling music artists who evolved from country to pop to alternative. Cultural phenomenon with massive fanbase and industry influence.,North America,Music,
BTS (K-pop group representative),1990-01-01,,South Korean,"Global K-pop phenomenon that broke Western music barriers. Symbol of Korean Wave cultural influence worldwide, ARMY fanbase unprecedented in scale.",East Asia,Music,
Steven Spielberg,1946-12-18,,American,"Most commercially successful director in history. Created Jaws, E.T., Jurassic Park, Schindler's List, shaped modern blockbuster cinema.",North America,Visual Arts,
Oprah Winfrey,1954-01-29,,American,"Media mogul whose talk show dominated daytime TV. First Black female billionaire, influential philanthropist and cultural tastemaker.",North America,Economy,
Michael Jordan,1963-02-17,,American,"Greatest basketball player who globalized NBA and transformed athlete branding. Six championships, cultural icon beyond sports.",North America,Politics & Military,
Lionel Messi,1987-06-24,,Argentine,"Considered greatest footballer ever alongside Ronaldo. Won record Ballon d'Ors, led Argentina to World Cup victory in 2022.",South America,Politics & Military,
Cristiano Ronaldo,1985-02-05,,Portuguese,"Five-time Ballon d'Or winner, all-time top scorer in football history. Global brand transcending sport, rivalry with Messi defined an era.",Europe,Politics & Military,
Serena Williams,1981-09-26,,American,"Dominant tennis player with 23 Grand Slam singles titles. Broke barriers as Black woman in tennis, advocate for equality and body positivity.",North America,Politics & Military,
Usain Bolt,1986-08-21,,Jamaican,"Fastest human ever, eight-time Olympic gold medalist. World records in 100m and 200m, transcended track and field as global personality.",North America,Politics & Military,
Pope John Paul II,1920-05-18,2005-04-02,Polish,"First non-Italian pope in 455 years whose 27-year papacy influenced collapse of communism. Traveled extensively, modernized Catholic Church outreach.",Europe,Religion,
Pope Francis,1936-12-17,,Argentine,"First Latin American and Jesuit pope. Progressive on social issues, environmental advocate, emphasized mercy and inclusion over doctrine.",South America,Religion,
Dalai Lama (14th),1935-07-06,,Tibetan,"Spiritual leader of Tibetan Buddhism and symbol of Tibetan independence. Nobel Peace Prize winner, advocate for compassion and nonviolence in exile.",East Asia,Religion,
Steve Wozniak,1950-08-11,,American,Co-founded Apple with Steve Jobs; engineered Apple I and II computers. Technical genius behind early personal computing revolution.,North America,Science,
Paul Allen,1953-01-21,2018-10-15,American,"Co-founded Microsoft with Bill Gates; funded research in AI, science, and space. Philanthropist and sports team owner.",North America,Economy,
Andy Grove,1936-09-02,2016-03-21,Hungarian-American,"Led Intel through microprocessor revolution; author of ""Only the Paranoid Survive."" Transformed Intel into industry leader.",North America,Economy,
Larry Ellison,1944-08-17,,American,"Founded Oracle Corporation, pioneered relational database software. Among world's wealthiest individuals, competitive sailor.",North America,Economy,
Reed Hastings,1960-10-08,,American,"Co-founded Netflix, transforming from DVD rental to streaming giant that revolutionized entertainment industry and viewing habits globally.",North America,Economy,
Michael Bloomberg,1942-02-14,,American,"Founded Bloomberg L.P., financial data empire. Served as New York City mayor, major philanthropist, and presidential candidate.",North America,Economy,
Warren Buffett,1930-08-30,,American,"Legendary investor known as Oracle of Omaha. Chairman of Berkshire Hathaway, one of world's wealthiest people, major philanthropist.",North America,Economy,
George Soros,1930-08-12,,Hungarian-American,"Investor and philanthropist who ""broke the Bank of England."" Major donor to liberal and pro-democracy causes worldwide, controversial figure.",North America,Economy,
Pony Ma (馬化騰),1971-10-29,,Chinese,"Founded Tencent, creator of WeChat and major gaming company. Among Asia's wealthiest, shaped China's internet landscape.",East Asia,Economy,
Masayoshi Son (孫正義),1957-08-11,,Japanese-Korean,"Founded SoftBank, major investor in tech companies worldwide. Visionary but volatile investor, massive bets on AI and technology.",East Asia,Economy,
Deng Xiaoping (鄧小平),1904-08-22,1997-02-19,Chinese,"Paramount leader who opened China to market reforms and foreign investment. ""To get rich is glorious"" - transformed China into economic powerhouse.",East Asia,Politics & Military,
Lee Kuan Yew,1923-09-16,2015-03-23,Singaporean,"Founding father of Singapore who transformed city-state from poverty to prosperity. Authoritarian but effective, model of developmental state.",East Asia,Politics & Military,
Yitzhak Rabin,1922-03-01,1995-11-04,Israeli,"Israeli Prime Minister who signed Oslo Accords seeking peace with Palestinians. Assassinated by Jewish extremist, symbol of peace efforts.",Middle East,Politics & Military,
Yasser Arafat,1929-08-24,2004-11-11,Palestinian,"Leader of PLO and Palestinian Authority. Symbol of Palestinian nationalism, controversial figure between terrorist and freedom fighter.",Middle East,Politics & Military,
Fidel Castro,1926-08-13,2016-11-25,Cuban,"Led Cuban Revolution, ruled Cuba for nearly 50 years. Communist leader who survived US attempts to overthrow him, polarizing legacy.",South America,Politics & Military,
Hugo Chávez,1954-07-28,2013-03-05,Venezuelan,"Venezuelan president who pursued socialist policies and challenged US influence in Latin America. Charismatic but divisive, economic crisis followed.",South America,Politics & Military,
Lech Wałęsa,1943-09-29,,Polish,"Solidarity movement leader who helped end communism in Poland. Electrician turned president, Nobel Peace Prize winner, symbol of peaceful revolution.",Europe,Politics & Military,
Vaclav Havel,1936-10-05,2011-12-18,Czech,"Playwright who became Czech president after Velvet Revolution. Intellectual leader of anti-communist movement, moral voice of post-Cold War Europe.",Europe,Politics & Military,
Shimon Peres,1923-08-02,2016-09-28,Israeli,"Israeli president and prime minister, key architect of Oslo peace process. Nobel Peace Prize winner, worked for Israeli-Palestinian reconciliation.",Middle East,Politics & Military,
Kofi Annan,1938-04-08,2018-08-18,Ghanaian,"UN Secretary-General (1997-2006) who promoted human rights and peacekeeping. Nobel Peace Prize winner, elegant diplomat from Africa.",Africa,Politics & Military,
Muhammad Yunus,1940-06-28,,Bangladeshi,"Founded Grameen Bank pioneering microfinance for poverty alleviation. Nobel Peace Prize winner, ""banker to the poor.""",South Asia,Economy,
Wangari Maathai,1940-04-01,2011-09-25,Kenyan,Environmental activist who founded Green Belt Movement planting millions of trees. First African woman to win Nobel Peace Prize.,Africa,Politics & Military,
Rigoberta Menchú,1959-01-09,,Guatemalan,Indigenous rights activist who documented violence against Guatemala's Maya people. Nobel Peace Prize winner at age 33.,South America,Politics & Military,
Shirin Ebadi,1947-06-21,,Iranian,"Iranian lawyer and human rights activist. First Muslim woman to win Nobel Peace Prize, advocate for democracy and women's rights.",Middle East,Politics & Military,
Osama bin Laden,1957-03-10,2011-05-02,Saudi Arabian,"Founded al-Qaeda, orchestrated September 11 attacks killing nearly 3000 people. Killed by US forces in Pakistan, defining figure of terrorism and War on Terror.",Middle East,Politics & Military,
Colin Powell,1937-04-05,2021-10-18,American,"First Black US Secretary of State and Chairman of Joint Chiefs. Led Gulf War, career complicated by Iraq War WMD claims.",North America,Politics & Military,
David Petraeus,1952-11-07,,American,"US general who led Iraq surge and Afghanistan operations. Later CIA director, career ended in scandal but reshaped counterinsurgency doctrine.",North America,Politics & Military,
Jane Goodall,1934-04-03,,British,Primatologist whose chimpanzee research revolutionized understanding of animal behavior and intelligence. Conservation advocate and UN Messenger of Peace.,Europe,Science,
E.O. Wilson,1929-06-10,2021-12-26,American,"Biologist who pioneered sociobiology and championed biodiversity. ""Darwin's natural heir,"" advocate for protecting half of Earth for nature.",North America,Science,
James Watson,1928-04-06,,American,"Co-discovered DNA double helix structure with Crick, revolutionizing biology. Nobel Prize winner, later controversial for comments on race and intelligence.",North America,Science,
Rosalind Franklin,1920-07-25,1958-04-16,British,"Chemist whose X-ray crystallography was crucial to discovering DNA structure. Contribution initially overlooked, posthumously recognized as key to discovery.",Europe,Science,
Carl Sagan,1934-11-09,1996-12-20,American,Astronomer who popularized science through Cosmos series and books. Advocated for critical thinking and searched for extraterrestrial life.,North America,Science,
Shinya Yamanaka (山中伸弥),1962-09-04,,Japanese,Nobel Prize-winning stem cell researcher who discovered induced pluripotent stem cells. Revolutionary breakthrough avoiding embryonic stem cell controversies.,East Asia,Science,
Maya Angelou,1928-04-04,2014-05-28,American,"Poet and civil rights activist whose ""I Know Why the Caged Bird Sings"" became American classic. Powerful voice for Black women's experiences.",North America,Literature,
Salman Rushdie,1947-06-19,,British-Indian,"Author whose ""Satanic Verses"" led to Iranian fatwa. Symbol of free speech versus religious censorship, survived 2022 assassination attempt.",Europe,Literature,
J.K. Rowling,1965-07-31,,British,"Created Harry Potter series, becoming world's best-selling book series. Billionaire author, later controversial for views on transgender issues.",Europe,Literature,
Stephen King,1947-09-21,,American,"Prolific horror and fiction writer with over 60 novels. ""King of Horror"" whose works adapted into countless films and TV series.",North America,Literature,
Isabel Allende,1942-08-02,,Chilean-American,"Latin America's most widely read author, known for magical realism. ""The House of the Spirits"" launched international career.",South America,Literature,
Mo Yan (莫言),1955-02-17,,Chinese,Nobel Prize-winning novelist known for vivid depictions of Chinese rural life. First Chinese citizen to win Nobel in Literature.,East Asia,Literature,
Princess Diana,1961-07-01,1997-08-31,British,Princess of Wales whose charisma and humanitarian work made her global icon. Tragic death in Paris car crash sparked unprecedented public mourning.,Europe,Politics & Military,
Robin Williams,1951-07-21,2014-08-11,American,"Beloved comedian and actor known for manic energy and emotional depth. From ""Mrs. Doubtfire"" to ""Good Will Hunting,"" tragic suicide shocked world.",North America,Visual Arts,
Audrey Hepburn,1929-05-04,1993-01-20,British-Belgian,"Iconic actress and humanitarian. From ""Breakfast at Tiffany's"" to UNICEF ambassador, epitome of elegance and grace.",Europe,Visual Arts,
Stanley Kubrick,1928-07-26,1999-03-07,American,"Perfectionist director who created ""2001,"" ""The Shining,"" ""A Clockwork Orange."" Influenced generations of filmmakers with visual mastery.",North America,Visual Arts,
Akira Kurosawa (黒澤明),1910-03-23,1998-09-06,Japanese,"Master filmmaker who influenced global cinema. ""Seven Samurai,"" ""Rashomon"" established template for action films and psychological storytelling.",East Asia,Visual Arts,
Martin Scorsese,1942-11-17,,American,"Legendary director of ""Taxi Driver,"" ""Goodfellas,"" ""The Departed."" Champion of film preservation, defined modern American cinema.",North America,Visual Arts,
Prince,1958-06-07,2016-04-21,American,"Musical genius who blended funk, rock, pop, and R&B. ""Purple Rain"" iconic, known for flamboyant style and protecting artistic control.",North America,Music,
Whitney Houston,1963-08-09,2012-02-11,American,"One of best-selling music artists ever with powerful voice. ""I Will Always Love You"" iconic, tragic struggle with addiction.",North America,Music,
Bob Marley,1945-02-06,1981-05-11,Jamaican,"Reggae legend who brought genre to worldwide audience. Rastafarian icon, songs of peace and resistance remain timeless.",North America,Music,
Freddie Mercury,1946-09-05,1991-11-24,British-Tanzanian,"Queen frontman with extraordinary vocal range and stage presence. ""Bohemian Rhapsody"" masterpiece, died of AIDS complications.",Europe,Music,
David Bowie,1947-01-08,2016-01-10,British,"Shape-shifting artist who constantly reinvented himself. From Ziggy Stardust to Thin White Duke, influenced music, fashion, and culture.",Europe,Music,
Muhammad Ali,1942-01-17,2016-06-03,American,"Greatest boxer who transcended sport as civil rights activist. ""Float like butterfly, sting like bee,"" refused Vietnam draft, global icon.",North America,Politics & Military,
Pelé,1940-10-23,2022-12-29,Brazilian,"Football legend widely considered greatest player ever before Messi/Ronaldo era. Won three World Cups, scored over 1000 goals.",South America,Politics & Military,
Diego Maradona,1960-10-30,2020-11-25,Argentine,"Football genius whose ""Hand of God"" and brilliant solo goal in 1986 World Cup epitomized his career. Flawed genius, beloved in Argentina.",South America,Politics & Military,
Tiger Woods,1975-12-30,,American,"Dominated golf like no one before, won 15 majors. Broke racial barriers, personal scandals affected legacy but comeback at 2019 Masters legendary.",North America,Politics & Military,
Kobe Bryant,1978-08-23,2020-01-26,American,"NBA legend with five championships and ""Mamba Mentality."" Tragic helicopter crash with daughter shocked world, massive global mourning.",North America,Politics & Military,
Hideki Tojo (東條英機),1884-12-30,1948-12-23,Japanese,Prime Minister of Japan during WWII who authorized Pearl Harbor attack. Executed as war criminal for atrocities including treatment of POWs.,East Asia,Politics & Military,
Franklin D. Roosevelt,1882-01-30,1945-04-12,American,"US President through Great Depression and WWII. New Deal transformed American government, led Allies to brink of victory, died in office.",North America,Politics & Military,
Winston Churchill,1874-11-30,1965-01-24,British,"British Prime Minister who rallied Britain during WWII with stirring speeches. ""We shall never surrender"" - symbol of defiance against Nazi Germany.",Europe,Politics & Military,
Charles de Gaulle,1890-11-22,1970-11-09,French,"Led Free French during WWII, founded Fifth Republic. Towering figure who restored French pride and pursued independent foreign policy.",Europe,Politics & Military,
Harry S. Truman,1884-05-08,1972-12-26,American,"US President who dropped atomic bombs on Japan, began Cold War containment, and desegregated military. ""The buck stops here.""",North America,Politics & Military,
Dwight D. Eisenhower,1890-10-14,1969-03-28,American,"WWII Supreme Allied Commander then US President. Warned of ""military-industrial complex,"" presided over 1950s prosperity and Cold War tensions.",North America,Politics & Military,
John F. Kennedy,1917-05-29,1963-11-22,American,"Youngest elected US President whose assassination shocked world. Cuban Missile Crisis, space race, civil rights, inspiring rhetoric cut short.",North America,Politics & Military,
Lyndon B. Johnson,1908-08-27,1973-01-22,American,US President who passed landmark Civil Rights Act and Great Society programs. Legacy overshadowed by escalation of Vietnam War.,North America,Politics & Military,
Richard Nixon,1913-01-09,1994-04-22,American,"US President who opened relations with China, ended Vietnam War, but resigned in disgrace over Watergate scandal. Complex legacy.",North America,Politics & Military,
Ronald Reagan,1911-02-06,2004-06-05,American,"Conservative US President who challenged Soviet Union to ""tear down this wall."" Reaganomics, ended Cold War, transformed Republican Party.",North America,Politics & Military,
George H.W. Bush,1924-06-12,2018-11-30,American,"US President who oversaw end of Cold War and Gulf War. ""Thousand points of light,"" diplomatic skill, one-term presidency.",North America,Politics & Military,
Bill Clinton,1946-08-19,,American,"US President who presided over 1990s prosperity and tech boom. Impeached over Monica Lewinsky scandal but remained popular, skilled politician.",North America,Politics & Military,
George W. Bush,1946-07-06,,American,"US President defined by 9/11 response and Iraq War. Controversial legacy of War on Terror, financial crisis at end of presidency.",North America,Politics & Military,
Joe Biden,1942-11-20,,American,"Current US President, oldest ever elected. Long Senate career, Obama VP, defeated Trump, focused on infrastructure and climate.",North America,Politics & Military,
Nikita Khrushchev,1894-04-15,1971-09-11,Soviet,"Soviet leader who denounced Stalin, Cuban Missile Crisis, built Berlin Wall. ""We will bury you"" but pursued peaceful coexistence.",Europe,Politics & Military,
Leonid Brezhnev,1906-12-19,1982-11-10,Soviet,"Soviet leader during period of stagnation. Invaded Czechoslovakia and Afghanistan, presided over nuclear parity with US.",Europe,Politics & Military,
Boris Yeltsin,1931-02-01,2007-04-23,Russian,"First president of post-Soviet Russia. Dissolved USSR, introduced capitalism chaotically, defended White House against coup.",Europe,Politics & Military,
Josip Broz Tito,1892-05-07,1980-05-04,Yugoslav,"Communist leader who kept Yugoslavia independent from Soviet Union. Held multi-ethnic country together, non-aligned movement leader.",Europe,Politics & Military,
Jawaharlal Nehru,1889-11-14,1964-05-27,Indian,"First Prime Minister of independent India. Architect of non-aligned movement, secular democracy, socialist economic policies.",South Asia,Politics & Military,
Indira Gandhi,1917-11-19,1984-10-31,Indian,"First female Prime Minister of India, daughter of Nehru. Strong leader who declared emergency, assassinated by Sikh bodyguards.",South Asia,Politics & Military,
Benazir Bhutto,1953-06-21,2007-12-27,Pakistani,"First female Prime Minister of Muslim-majority country. Charismatic leader from prominent family, assassinated while campaigning.",South Asia,Politics & Military,
Park Chung-hee (박정희),1917-11-14,1979-10-26,South Korean,"Military dictator who transformed South Korea into economic powerhouse. Authoritarian but effective, assassinated by intelligence chief.",East Asia,Politics & Military,
Ho Chi Minh (胡志明),1890-05-19,1969-09-02,Vietnamese,"Communist revolutionary who led Vietnam to independence from France and war against US. National hero, Saigon renamed for him.",East Asia,Politics & Military,
Suharto,1921-06-08,2008-01-27,Indonesian,Indonesian dictator for 31 years who brought stability and economic growth but massive corruption. Resigned during 1998 financial crisis.,East Asia,Politics & Military,
Corazon Aquino,1933-01-25,2009-08-01,Filipino,"First female Philippine President who led People Power Revolution overthrowing Marcos. Restored democracy, symbol of peaceful change.",East Asia,Politics & Military,
Gamal Abdel Nasser,1918-01-15,1970-09-28,Egyptian,"Egyptian leader who nationalized Suez Canal, championed pan-Arabism. Hero to Arab world, challenged Western influence.",Middle East,Politics & Military,
Anwar Sadat,1918-12-25,1981-10-06,Egyptian,Egyptian president who made peace with Israel at Camp David. Won Nobel Prize but assassinated by Islamic extremists.,Middle East,Politics & Military,
Golda Meir,1898-05-03,1978-12-08,Israeli,"First female Prime Minister of Israel, ""Iron Lady"" who led during Yom Kippur War. Chain-smoking grandmother image, tough negotiator.",Middle East,Politics & Military,
Ayatollah Khomeini,1902-09-24,1989-06-03,Iranian,"Islamic revolutionary who overthrew Shah, established theocratic Iran. Anti-Western, issued fatwa against Rushdie, Iran-Iraq War.",Middle East,Politics & Military,
Hafez al-Assad,1930-10-06,2000-06-10,Syrian,"Syrian dictator who ruled with iron fist for 30 years. Brutal suppression of dissent, father of Bashar al-Assad.",Middle East,Politics & Military,
Muammar Gaddafi,1942-06-07,2011-10-20,Libyan,Libyan dictator known for eccentric behavior and terrorism sponsorship. Arab Spring uprising led to NATO intervention and brutal death.,Middle East,Politics & Military,
Kwame Nkrumah,1909-09-21,1972-04-27,Ghanaian,"Led Ghana to independence, first sub-Saharan African nation to do so. Pan-Africanist visionary, overthrown in coup.",Africa,Politics & Military,
Jomo Kenyatta,1897-10-20,1978-08-22,Kenyan,"Led Kenya to independence from Britain. ""Father of the Nation,"" balanced tribalism with nation-building.",Africa,Politics & Military,
Julius Nyerere,1922-04-13,1999-10-14,Tanzanian,Tanzanian president who pursued African socialism (Ujamaa). Respected elder statesman despite economic failures.,Africa,Politics & Military,
Idi Amin,1925-01-01,2003-08-16,Ugandan,"Brutal Ugandan dictator who killed 300,000+ people. Expelled Asians, bizarre personality, overthrown and exiled.",Africa,Politics & Military,
Robert Mugabe,1924-02-21,2019-09-06,Zimbabwean,"Led Zimbabwe from liberation hero to authoritarian ruler. Land seizures destroyed economy, hyperinflation, finally removed in coup.",Africa,Politics & Military,
F.W. de Klerk,1936-03-18,2021-11-11,South African,"Last apartheid-era South African president who negotiated with Mandela to end apartheid. Shared Nobel Prize, controversial legacy.",Africa,Politics & Military,
Patrice Lumumba,1925-07-02,1961-01-17,Congolese,"First Prime Minister of independent Congo, assassinated with Western involvement. Martyr of African independence, Cold War victim.",Africa,Politics & Military,
Juan Perón,1895-10-08,1974-07-01,Argentine,"Argentine populist leader with wife Evita. Peronism dominated Argentine politics for decades, mix of socialism and nationalism.",South America,Politics & Military,
Eva Perón (Evita),1919-05-07,1952-07-26,Argentine,"First Lady of Argentina, beloved by working class. ""Don't cry for me Argentina"" - died young, became political icon.",South America,Politics & Military,
Che Guevara,1928-06-14,1967-10-09,Argentine,"Revolutionary icon who fought alongside Castro. Left Cuba to spread revolution, killed in Bolivia, face became global symbol.",South America,Politics & Military,
Salvador Allende,1908-06-26,1973-09-11,Chilean,"First Marxist elected president in Latin America. Overthrown in CIA-backed coup, died in palace as Pinochet took power.",South America,Politics & Military,
Lula da Silva,1945-10-27,,Brazilian,"Working-class Brazilian president who lifted millions from poverty. Corruption scandals, imprisoned, returned to presidency. Controversial but transformative.",South America,Politics & Military,
Daniel Ortega,1945-11-11,,Nicaraguan,"Sandinista revolutionary who overthrew Somoza, now authoritarian president. From guerrilla hero to accused dictator.",South America,Politics & Military,
Hosni Mubarak,1928-05-04,2020-02-25,Egyptian,"Egyptian president for 30 years, overthrown in Arab Spring. Maintained peace with Israel, authoritarian rule, died after trial.",Middle East,Politics & Military,
Slobodan Milošević,1941-08-20,2006-03-11,Serbian,"Serbian leader who orchestrated ethnic cleansing in Yugoslav Wars. First head of state tried for genocide, died during trial.",Europe,Politics & Military,
Helmut Kohl,1930-04-03,2017-06-16,German,"German Chancellor who reunified Germany after fall of Berlin Wall. Longest-serving postwar chancellor, architect of European Union.",Europe,Politics & Military,
Silvio Berlusconi,1936-09-29,2023-06-12,Italian,"Media mogul who dominated Italian politics despite scandals. Three-time prime minister, controversial ""bunga bunga"" parties, legal troubles.",Europe,Politics & Military,
